,ID,ID_CONTA_CAIXA,ID_FIN_LANCAMENTO_RECEBER,ID_FIN_STATUS_PARCELA,NUMERO_PARCELA,DATA_EMISSAO,DATA_VENCIMENTO,DESCONTO_ATE,VALOR,TAXA_JURO,TAXA_MULTA,TAXA_DESCONTO,VALOR_JURO,VALOR_MULTA,VALOR_DESCONTO,EMITIU_BOLETO,BOLETO_NOSSO_NUMERO
0,2,1,7,2,1,2022-06-17,2022-05-20,2022-06-17,300.48,0.0,0.0,0.0,0.0,0.0,0.0,,
1,3,3,8,2,1,2022-06-17,2022-05-25,2022-06-17,11638.43,0.0,0.0,0.0,0.0,0.0,0.0,,
2,4,1,9,2,1,2022-06-17,2022-05-20,2022-06-17,356.63,0.0,0.0,0.0,0.0,0.0,0.0,,
3,5,3,10,2,1,2022-06-17,2022-05-25,2022-06-17,781.47,0.0,0.0,0.0,0.0,0.0,0.0,,
4,6,3,11,2,1,2022-06-17,2022-05-09,2022-06-17,30648.43,0.0,0.0,0.0,0.0,0.0,0.0,,
5,9,3,14,2,1,2022-06-17,2022-06-17,2022-06-17,6501.51,0.0,0.0,0.0,0.0,0.0,0.0,,
6,10,3,15,2,1,2022-06-17,2022-05-25,2022-06-17,428.25,0.0,0.0,0.0,0.0,0.0,0.0,,
7,12,3,17,2,1,2022-06-17,2022-05-13,2022-06-17,3117.7,0.0,0.0,0.0,0.0,0.0,0.0,,
8,13,3,18,2,1,2022-06-17,2022-06-10,2022-06-17,6995.5,0.0,0.0,0.0,0.0,0.0,0.0,,
9,14,3,19,2,1,2022-06-17,2022-06-13,2022-06-17,9037.04,0.0,0.0,0.0,0.0,0.0,0.0,,
10,15,3,20,2,1,2022-06-17,2022-05-25,2022-06-17,7849.01,0.0,0.0,0.0,0.0,0.0,0.0,,
11,16,3,21,2,1,2022-06-17,2022-05-20,2022-06-17,576.27,0.0,0.0,0.0,0.0,0.0,0.0,,
12,17,3,22,2,1,2022-06-17,2022-06-13,2022-06-17,13476.06,0.0,0.0,0.0,0.0,0.0,0.0,,
13,18,3,23,2,1,2022-06-17,2022-06-13,2022-06-17,120.0,0.0,0.0,0.0,0.0,0.0,0.0,,
14,20,3,25,2,1,2022-06-17,2022-06-13,2022-06-17,312.39,0.0,0.0,0.0,0.0,0.0,0.0,,
15,22,3,27,2,1,2022-06-17,2022-06-10,2022-06-17,1729.61,0.0,0.0,0.0,0.0,0.0,0.0,,
16,23,3,28,2,1,2022-06-17,2022-06-24,2022-06-17,3301.1,0.0,0.0,0.0,0.0,0.0,0.0,,
17,24,3,29,2,1,2022-06-17,2022-05-30,2022-06-17,4446.75,0.0,0.0,0.0,0.0,0.0,0.0,,
18,26,3,31,2,1,2022-06-17,2022-06-10,2022-06-17,1264.36,0.0,0.0,0.0,0.0,0.0,0.0,,
19,28,3,33,2,1,2022-06-17,2022-06-10,2022-06-17,2021.25,0.0,0.0,0.0,0.0,0.0,0.0,,
20,29,3,33,2,2,2022-06-17,2022-07-10,2022-06-17,2021.25,0.0,0.0,0.0,0.0,0.0,0.0,,
21,30,3,34,2,1,2022-06-17,2022-06-10,2022-06-17,2728.72,0.0,0.0,0.0,0.0,0.0,0.0,,
22,31,3,34,2,2,2022-06-17,2022-07-10,2022-06-17,2728.72,0.0,0.0,0.0,0.0,0.0,0.0,,
23,33,3,36,2,1,2022-06-17,2022-06-24,2022-06-17,9761.56,0.0,0.0,0.0,0.0,0.0,0.0,,
24,34,3,37,2,1,2022-06-17,2022-06-10,2022-06-17,1946.86,0.0,0.0,0.0,0.0,0.0,0.0,,
25,35,1,38,2,1,2022-06-17,2022-06-20,2022-06-17,1907.71,0.0,0.0,0.0,0.0,0.0,0.0,,
26,36,1,39,2,1,2022-06-17,2022-06-09,2022-06-17,120.0,0.0,0.0,0.0,0.0,0.0,0.0,,
27,37,3,40,2,1,2022-06-17,2022-06-20,2022-06-17,13666.66,0.0,0.0,0.0,0.0,0.0,0.0,,
28,39,1,42,2,1,2022-06-17,2022-06-20,2022-06-17,303.15,0.0,0.0,0.0,0.0,0.0,0.0,,
29,40,1,43,2,1,2022-06-17,2022-06-13,2022-06-17,938.5,0.0,0.0,0.0,0.0,0.0,0.0,,
30,43,1,46,2,1,2022-06-17,2022-06-27,2022-06-17,27064.43,0.0,0.0,0.0,0.0,0.0,0.0,,
31,45,3,48,2,1,2022-06-17,2022-05-12,2022-06-17,4642.49,0.0,0.0,0.0,0.0,0.0,0.0,,
32,46,3,49,2,1,2022-06-17,2022-05-12,2022-06-17,33528.33,0.0,0.0,0.0,0.0,0.0,0.0,,
33,47,1,50,2,1,2022-06-17,2022-05-25,2022-06-17,1633.77,0.0,0.0,0.0,0.0,0.0,0.0,,
34,48,3,51,2,1,2022-06-17,2022-05-02,2022-06-17,4864.42,0.0,0.0,0.0,0.0,0.0,0.0,,
35,49,3,52,2,1,2022-06-17,2022-05-02,2022-06-17,13724.58,0.0,0.0,0.0,0.0,0.0,0.0,,
36,50,3,53,2,1,2022-06-17,2022-05-25,2022-06-17,14298.56,0.0,0.0,0.0,0.0,0.0,0.0,,
37,51,3,54,2,1,2022-06-17,2022-05-25,2022-06-17,15654.22,0.0,0.0,0.0,0.0,0.0,0.0,,
38,57,1,57,2,1,2022-06-22,2022-05-12,2022-06-22,3326.99,0.0,0.0,0.0,0.0,0.0,0.0,,
39,58,1,13,2,1,2022-06-22,2022-06-10,2022-06-22,5333.33,0.0,0.0,0.0,0.0,0.0,0.0,,
40,59,1,13,2,2,2022-06-22,2022-07-11,2022-06-22,5333.33,0.0,0.0,0.0,0.0,0.0,0.0,,
41,60,1,13,2,3,2022-06-22,2022-08-10,2022-06-22,5333.34,0.0,0.0,0.0,0.0,0.0,0.0,,
42,61,3,58,2,1,2022-06-22,2022-05-12,2022-06-22,180.2,0.0,0.0,0.0,0.0,0.0,0.0,,
43,62,1,41,2,1,2022-06-22,2022-06-22,2022-06-09,6401.1,0.0,0.0,0.0,0.0,0.0,0.0,,
44,63,1,41,2,2,2022-06-22,2022-07-12,2022-06-09,6401.1,0.0,0.0,0.0,0.0,0.0,0.0,,
45,64,1,41,2,3,2022-06-22,2022-08-01,2022-06-09,6401.11,0.0,0.0,0.0,0.0,0.0,0.0,,
46,69,3,63,2,1,2022-06-22,2022-07-30,2022-06-22,16048.0,0.0,0.0,0.0,0.0,0.0,0.0,,
47,70,3,64,2,1,2022-06-22,2022-08-30,2022-06-22,16048.0,0.0,0.0,0.0,0.0,0.0,0.0,,
48,75,1,69,2,1,2022-06-22,2022-06-30,2022-06-22,41883.38,0.0,0.0,0.0,0.0,0.0,0.0,,
49,102,1,91,2,1,2022-06-27,2022-06-30,2022-06-27,4741.0,0.0,0.0,0.0,0.0,0.0,0.0,,
50,107,1,96,2,1,2022-06-28,2022-07-05,2022-06-28,120.0,0.0,0.0,0.0,0.0,0.0,0.0,,
51,108,3,97,2,1,2022-06-28,2022-07-25,2022-06-28,1466.74,0.0,0.0,0.0,0.0,0.0,0.0,,
52,114,3,44,2,1,2022-06-30,2022-07-13,2022-06-30,17689.8,0.0,0.0,0.0,0.0,0.0,0.0,,
53,115,1,30,2,1,2022-06-30,2022-07-20,2022-06-30,20830.86,0.0,0.0,0.0,0.0,0.0,0.0,,
54,116,3,16,2,1,2022-06-30,2022-06-10,2022-06-30,428.25,0.0,0.0,0.0,0.0,0.0,0.0,,
55,117,3,16,2,2,2022-06-30,2022-06-27,2022-06-30,661.87,0.0,0.0,0.0,0.0,0.0,0.0,,
56,118,3,24,2,1,2022-06-30,2022-07-12,2022-06-30,410.01,0.0,0.0,0.0,0.0,0.0,0.0,,
57,122,3,95,2,1,2022-06-30,2022-07-05,2022-06-30,312.0,0.0,0.0,0.0,0.0,0.0,0.0,,
58,123,3,99,2,1,2022-06-30,2022-06-23,2022-06-30,25729.21,0.0,0.0,0.0,0.0,0.0,0.0,,
59,128,1,104,2,1,2022-07-05,2022-07-12,2022-07-05,1747.94,0.0,0.0,0.0,0.0,0.0,0.0,,
60,130,1,106,2,1,2022-07-05,2022-07-12,2022-07-05,17230.77,0.0,0.0,0.0,0.0,0.0,0.0,,
61,132,1,94,2,1,2022-07-06,2022-07-05,2022-07-06,4169.77,0.0,0.0,0.0,0.0,0.0,0.0,,
62,133,1,94,2,2,2022-07-06,2022-07-05,2022-07-06,2000.0,0.0,0.0,0.0,0.0,0.0,0.0,,
63,139,3,35,2,1,2022-07-07,2022-07-12,2022-07-07,710.21,0.0,0.0,0.0,0.0,0.0,0.0,,
64,140,3,32,2,1,2022-07-07,2022-07-12,2022-07-07,558.14,0.0,0.0,0.0,0.0,0.0,0.0,,
65,146,3,113,2,1,2022-07-08,2022-07-25,2022-07-08,377.85,0.0,0.0,0.0,0.0,0.0,0.0,,
66,160,3,123,2,1,2022-07-13,2022-07-06,2022-07-13,735.89,0.0,0.0,0.0,0.0,0.0,0.0,,
67,162,3,125,2,1,2022-07-14,2022-07-25,2022-07-14,372.76,0.0,0.0,0.0,0.0,0.0,0.0,,
68,211,3,174,2,1,2022-07-20,2022-08-08,2022-07-20,6525.18,0.0,0.0,0.0,0.0,0.0,0.0,,
69,212,3,175,2,1,2022-07-20,2022-08-16,2022-07-20,2830.63,0.0,0.0,0.0,0.0,0.0,0.0,,
70,213,3,176,2,1,2022-07-20,2022-07-25,2022-07-20,3234.0,0.0,0.0,0.0,0.0,0.0,0.0,,
71,221,3,26,2,1,2022-07-21,2022-06-10,2022-07-21,5166.51,0.0,0.0,0.0,0.0,0.0,0.0,,
72,229,7,190,2,1,2022-07-22,2022-06-02,2022-07-22,9.86,0.0,0.0,0.0,0.0,0.0,0.0,,
73,230,7,191,2,1,2022-07-22,2022-06-06,2022-07-22,18.1,0.0,0.0,0.0,0.0,0.0,0.0,,
74,231,7,192,2,1,2022-07-22,2022-06-07,2022-07-22,7.71,0.0,0.0,0.0,0.0,0.0,0.0,,
75,232,7,193,2,1,2022-07-22,2022-06-08,2022-07-22,0.26,0.0,0.0,0.0,0.0,0.0,0.0,,
76,233,7,194,2,1,2022-07-22,2022-06-13,2022-07-22,2.15,0.0,0.0,0.0,0.0,0.0,0.0,,
77,234,7,195,2,1,2022-07-22,2022-06-17,2022-07-22,2.01,0.0,0.0,0.0,0.0,0.0,0.0,,
78,235,7,196,2,1,2022-07-22,2022-06-20,2022-07-22,3.15,0.0,0.0,0.0,0.0,0.0,0.0,,
79,236,7,197,2,1,2022-07-22,2022-06-22,2022-07-22,2.32,0.0,0.0,0.0,0.0,0.0,0.0,,
80,237,7,198,2,1,2022-07-22,2022-06-27,2022-07-22,11.85,0.0,0.0,0.0,0.0,0.0,0.0,,
81,238,7,199,2,1,2022-07-22,2022-07-04,2022-07-22,40.75,0.0,0.0,0.0,0.0,0.0,0.0,,
82,239,7,200,2,1,2022-07-22,2022-07-05,2022-07-22,0.53,0.0,0.0,0.0,0.0,0.0,0.0,,
83,240,7,201,2,1,2022-07-22,2022-07-07,2022-07-22,0.76,0.0,0.0,0.0,0.0,0.0,0.0,,
84,241,7,202,2,1,2022-07-22,2022-07-11,2022-07-22,6.2,0.0,0.0,0.0,0.0,0.0,0.0,,
85,242,7,203,2,1,2022-07-22,2022-07-12,2022-07-22,1.31,0.0,0.0,0.0,0.0,0.0,0.0,,
86,243,7,204,2,1,2022-07-22,2022-07-15,2022-07-22,59.74,0.0,0.0,0.0,0.0,0.0,0.0,,
87,244,7,205,2,1,2022-07-22,2022-07-18,2022-07-22,12.9,0.0,0.0,0.0,0.0,0.0,0.0,,
88,245,7,206,2,1,2022-07-22,2022-07-19,2022-07-22,0.71,0.0,0.0,0.0,0.0,0.0,0.0,,
89,246,7,207,2,1,2022-07-22,2022-07-20,2022-07-22,1.04,0.0,0.0,0.0,0.0,0.0,0.0,,
90,247,1,85,2,1,2022-07-25,2022-07-25,2022-07-25,29703.53,0.0,0.0,0.0,0.0,0.0,0.0,,
91,248,3,115,2,1,2022-07-25,2022-07-25,2022-07-25,2815.5,0.0,0.0,0.0,0.0,0.0,0.0,,
92,249,3,128,2,1,2022-07-25,2022-07-25,2022-07-25,264.0,0.0,0.0,0.0,0.0,0.0,0.0,,
93,250,3,107,2,1,2022-07-25,2022-07-29,2022-07-25,14296.33,0.0,0.0,0.0,0.0,0.0,0.0,,
94,251,3,112,2,1,2022-07-25,2022-08-04,2022-07-25,4931.85,0.0,0.0,0.0,0.0,0.0,0.0,,
95,252,3,126,2,1,2022-07-25,2022-08-08,2022-07-25,12410.86,0.0,0.0,0.0,0.0,0.0,0.0,,
96,255,3,127,2,1,2022-07-25,2022-08-12,2022-07-25,804.89,0.0,0.0,0.0,0.0,0.0,0.0,,
97,257,3,179,2,1,2022-07-25,2022-08-08,2022-07-25,2039.26,0.0,0.0,0.0,0.0,0.0,0.0,,
98,259,3,209,2,1,2022-07-25,2022-07-27,2022-07-25,9000.0,0.0,0.0,0.0,0.0,0.0,0.0,,
99,266,3,66,2,1,2022-07-25,2022-07-30,2022-07-25,18990.0,0.0,0.0,0.0,0.0,0.0,0.0,,
100,269,3,77,1,1,2022-07-25,2017-08-30,2022-07-25,2819.16,0.0,0.0,0.0,0.0,0.0,0.0,,
101,280,3,111,2,1,2022-07-27,2022-07-30,2022-07-27,22300.82,0.0,0.0,0.0,0.0,0.0,0.0,,
102,282,3,110,2,1,2022-07-27,2022-08-30,2022-07-27,17345.09,0.0,0.0,0.0,0.0,0.0,0.0,,
103,290,7,217,2,1,2022-07-27,2022-07-21,2022-07-27,0.2,0.0,0.0,0.0,0.0,0.0,0.0,,
104,291,7,218,2,1,2022-07-27,2022-07-25,2022-07-27,3.95,0.0,0.0,0.0,0.0,0.0,0.0,,
105,293,3,68,2,1,2022-07-28,2022-07-29,2022-07-28,38736.65,0.0,0.0,0.0,0.0,0.0,0.0,,
106,297,3,223,2,1,2022-07-29,2022-07-29,2022-07-29,9908.34,0.0,0.0,0.0,0.0,0.0,0.0,,
107,298,3,70,2,1,2022-07-29,2022-07-29,2022-07-29,63080.93,0.0,0.0,0.0,0.0,0.0,0.0,,
108,300,3,224,2,1,2022-07-29,2022-08-08,2022-07-29,253.82,0.0,0.0,0.0,0.0,0.0,0.0,,
109,302,3,225,2,1,2022-07-29,2022-08-08,2022-07-29,1698.55,0.0,0.0,0.0,0.0,0.0,0.0,,
110,303,3,226,2,1,2022-07-29,2022-08-08,2022-07-29,931.45,0.0,0.0,0.0,0.0,0.0,0.0,,
111,305,7,228,2,1,2022-07-29,2022-07-27,2022-07-29,2.09,0.0,0.0,0.0,0.0,0.0,0.0,,
112,307,7,230,2,1,2022-08-01,2022-08-01,2022-08-01,2.28,0.0,0.0,0.0,0.0,0.0,0.0,,
113,315,3,235,2,1,2022-08-01,2022-08-15,2022-08-01,17704.68,0.0,0.0,0.0,0.0,0.0,0.0,,
114,316,3,236,2,1,2022-08-03,2022-08-08,2022-08-03,223.09,0.0,0.0,0.0,0.0,0.0,0.0,,
115,317,3,237,2,1,2022-08-03,2022-08-10,2022-08-03,1190.8,0.0,0.0,0.0,0.0,0.0,0.0,,
116,320,3,238,2,1,2022-08-03,2022-08-25,2022-08-03,1950.82,0.0,0.0,0.0,0.0,0.0,0.0,,
117,321,8,239,2,1,2022-08-03,2022-08-03,2022-08-03,40000.0,0.0,0.0,0.0,0.0,0.0,0.0,,
118,345,8,258,2,1,2022-08-05,2022-08-08,2022-08-05,2844.0,0.0,0.0,0.0,0.0,0.0,0.0,,
119,346,8,259,2,1,2022-08-05,2022-08-05,2022-08-05,10000.0,0.0,0.0,0.0,0.0,0.0,0.0,,
120,347,3,260,2,1,2022-08-05,2022-08-05,2022-08-05,30.66,0.0,0.0,0.0,0.0,0.0,0.0,,
121,350,3,263,2,1,2022-08-08,2022-08-30,2022-08-08,6068.6,0.0,0.0,0.0,0.0,0.0,0.0,,
122,355,3,262,2,1,2022-08-09,2022-09-12,2022-08-09,669.32,0.0,0.0,0.0,0.0,0.0,0.0,,
123,356,3,267,2,1,2022-08-09,2022-08-16,2022-08-09,344.15,0.0,0.0,0.0,0.0,0.0,0.0,,
124,357,3,243,2,1,2022-08-09,2022-08-16,2022-08-09,1593.6,0.0,0.0,0.0,0.0,0.0,0.0,,
125,358,3,268,2,1,2022-08-09,2022-08-16,2022-08-09,120.0,0.0,0.0,0.0,0.0,0.0,0.0,,
126,362,3,270,1,1,2022-08-11,2022-08-18,2022-08-11,1293.95,0.0,0.0,0.0,0.0,0.0,0.0,,
127,363,3,271,2,1,2022-08-11,2022-09-12,2022-08-11,681.43,0.0,0.0,0.0,0.0,0.0,0.0,,
128,364,3,177,2,1,2022-08-11,2022-08-15,2022-08-11,3234.0,0.0,0.0,0.0,0.0,0.0,0.0,,
129,365,3,272,2,1,2022-08-12,2022-08-11,2022-08-12,107.8,0.0,0.0,0.0,0.0,0.0,0.0,,
130,370,3,12,2,1,2022-08-15,2022-05-09,2022-08-15,8165.24,0.0,0.0,0.0,0.0,0.0,0.0,,
131,372,3,280,2,1,2022-08-16,2022-05-12,2022-08-16,552.26,0.0,0.0,0.0,0.0,0.0,0.0,,
132,373,3,281,2,1,2022-08-16,2022-05-12,2022-08-16,1203.38,0.0,0.0,0.0,0.0,0.0,0.0,,
133,374,3,282,2,1,2022-08-16,2022-05-12,2022-08-16,1226.94,0.0,0.0,0.0,0.0,0.0,0.0,,
134,375,3,283,2,1,2022-08-16,2022-05-12,2022-08-16,1332.88,0.0,0.0,0.0,0.0,0.0,0.0,,
135,376,3,284,2,1,2022-08-16,2022-05-12,2022-08-16,1819.42,0.0,0.0,0.0,0.0,0.0,0.0,,
136,378,3,286,2,1,2022-08-17,2022-05-16,2022-08-17,76.55,0.0,0.0,0.0,0.0,0.0,0.0,,
137,380,8,287,2,1,2022-08-18,2022-08-18,2022-08-18,8000.0,0.0,0.0,0.0,0.0,0.0,0.0,,
138,382,7,288,2,1,2022-08-18,2022-01-01,2022-08-18,27105.65,0.0,0.0,0.0,0.0,0.0,0.0,,
139,385,7,291,2,1,2022-08-18,2022-01-31,2022-08-18,175.75,0.0,0.0,0.0,0.0,0.0,0.0,,
140,386,7,292,2,1,2022-08-18,2022-02-28,2022-08-18,83.95,0.0,0.0,0.0,0.0,0.0,0.0,,
141,389,7,295,2,1,2022-08-18,2022-03-31,2022-08-18,52.55,0.0,0.0,0.0,0.0,0.0,0.0,,
142,392,7,298,2,1,2022-08-18,2022-04-30,2022-08-18,25.05,0.0,0.0,0.0,0.0,0.0,0.0,,
143,397,7,303,2,1,2022-08-18,2022-05-31,2022-08-18,127.87,0.0,0.0,0.0,0.0,0.0,0.0,,
144,401,3,306,2,1,2022-08-18,2022-05-10,2022-08-18,10000.0,0.0,0.0,0.0,0.0,0.0,0.0,,
145,404,3,308,2,1,2022-08-19,2022-08-26,2022-08-19,2157.42,0.0,0.0,0.0,0.0,0.0,0.0,,
146,405,3,309,2,1,2022-08-19,2022-09-13,2022-08-19,449.03,0.0,0.0,0.0,0.0,0.0,0.0,,
147,406,3,310,2,1,2022-08-19,2022-09-13,2022-08-19,1390.32,0.0,0.0,0.0,0.0,0.0,0.0,,
148,407,8,311,2,1,2022-08-19,2022-08-19,2022-08-19,7000.0,0.0,0.0,0.0,0.0,0.0,0.0,,
149,408,3,105,2,1,2022-08-19,2022-08-20,2022-08-19,3500.0,0.0,0.0,0.0,0.0,0.0,0.0,,
150,409,1,312,2,1,2022-08-19,2022-05-10,2022-08-19,3553.71,0.0,0.0,0.0,0.0,0.0,0.0,,
151,413,3,314,2,1,2022-08-19,2022-05-31,2022-08-19,0.3,0.0,0.0,0.0,0.0,0.0,0.0,,
152,414,3,315,2,1,2022-08-19,2022-08-19,2022-08-19,1000.0,0.0,0.0,0.0,0.0,0.0,0.0,,
153,415,8,316,2,1,2022-08-19,2022-08-19,2022-08-19,900.0,0.0,0.0,0.0,0.0,0.0,0.0,,
154,421,8,317,2,1,2022-08-22,2022-08-22,2022-08-22,7000.0,0.0,0.0,0.0,0.0,0.0,0.0,,
155,422,8,318,2,1,2022-08-22,2022-08-22,2022-08-22,10000.0,0.0,0.0,0.0,0.0,0.0,0.0,,
156,424,7,320,2,1,2022-08-22,2022-08-22,2022-08-22,193.89,0.0,0.0,0.0,0.0,0.0,0.0,,
157,426,8,322,2,1,2022-08-23,2022-08-23,2022-08-23,10000.0,0.0,0.0,0.0,0.0,0.0,0.0,,
158,436,3,76,2,1,2022-08-24,2022-06-30,2022-08-24,1492.5,0.0,0.0,0.0,0.0,0.0,0.0,,
159,437,3,76,2,2,2022-08-24,2022-09-01,2022-08-24,7845.58,0.0,0.0,0.0,0.0,0.0,0.0,,
160,439,3,323,2,1,2022-08-24,2022-09-12,2022-08-24,120.0,0.0,0.0,0.0,0.0,0.0,0.0,,
161,440,3,249,2,1,2022-08-26,2022-09-12,2022-08-26,4913.69,0.0,0.0,0.0,0.0,0.0,0.0,,
162,449,1,56,2,1,2022-08-26,2022-04-01,2022-08-26,3553.7,0.0,0.0,0.0,0.0,0.0,0.0,,
163,450,1,56,2,2,2022-08-26,2022-04-29,2022-08-26,3553.71,0.0,0.0,0.0,0.0,0.0,0.0,,
164,451,1,56,2,3,2022-08-26,2022-05-27,2022-08-26,3553.71,0.0,0.0,0.0,0.0,0.0,0.0,,
165,457,3,71,2,1,2022-08-29,2022-08-31,2022-08-29,63080.93,0.0,0.0,0.0,0.0,0.0,0.0,,
166,466,3,333,2,1,2022-08-29,2022-09-05,2022-08-29,11496.63,0.0,0.0,0.0,0.0,0.0,0.0,,
167,469,3,337,2,1,2022-08-30,2022-04-22,2022-08-30,63431.06,0.0,0.0,0.0,0.0,0.0,0.0,,
168,470,8,338,2,1,2022-08-30,2022-08-30,2022-08-30,10000.0,0.0,0.0,0.0,0.0,0.0,0.0,,
169,472,3,339,2,1,2022-08-30,2022-09-26,2022-08-30,188.95,0.0,0.0,0.0,0.0,0.0,0.0,,
170,475,3,325,2,1,2022-09-01,2022-09-12,2022-09-01,29015.81,0.0,0.0,0.0,0.0,0.0,0.0,,
171,476,3,342,2,1,2022-09-02,2022-09-25,2022-09-02,3326.99,0.0,0.0,0.0,0.0,0.0,0.0,,
172,477,3,343,2,1,2022-09-02,2022-09-29,2022-09-02,449.26,0.0,0.0,0.0,0.0,0.0,0.0,,
173,478,3,344,2,1,2022-09-02,2022-04-01,2022-09-02,8496.0,0.0,0.0,0.0,0.0,0.0,0.0,,
174,479,8,345,2,1,2022-09-05,2022-09-05,2022-09-05,20000.0,0.0,0.0,0.0,0.0,0.0,0.0,,
175,480,8,346,2,1,2022-09-05,2022-09-05,2022-09-05,40000.0,0.0,0.0,0.0,0.0,0.0,0.0,,
176,483,8,347,2,1,2022-09-06,2022-09-06,2022-09-06,5000.0,0.0,0.0,0.0,0.0,0.0,0.0,,
177,490,3,59,2,1,2022-09-06,2022-09-05,2022-09-06,3924.51,0.0,0.0,0.0,0.0,0.0,0.0,,
178,491,3,59,2,2,2022-09-06,2022-08-05,2022-09-06,3924.5,0.0,0.0,0.0,0.0,0.0,0.0,,
179,493,8,349,2,1,2022-09-08,2022-09-08,2022-09-08,6000.0,0.0,0.0,0.0,0.0,0.0,0.0,,
180,495,3,324,2,1,2022-09-08,2022-09-16,2022-09-08,1944.79,0.0,0.0,0.0,0.0,0.0,0.0,,
181,497,3,352,2,1,2022-09-13,2022-09-13,2022-09-13,20000.0,0.0,0.0,0.0,0.0,0.0,0.0,,
182,499,3,354,2,1,2022-09-13,2022-04-18,2022-09-13,64.0,0.0,0.0,0.0,0.0,0.0,0.0,,
183,500,3,355,2,1,2022-09-14,2022-09-14,2022-09-14,20000.0,0.0,0.0,0.0,0.0,0.0,0.0,,
184,501,3,356,2,1,2022-09-15,2022-04-25,2022-09-15,481.81,0.0,0.0,0.0,0.0,0.0,0.0,,
185,503,3,358,2,1,2022-09-15,2022-04-29,2022-09-15,607.5,0.0,0.0,0.0,0.0,0.0,0.0,,
186,505,3,360,2,1,2022-09-15,2022-04-06,2022-09-15,23.0,0.0,0.0,0.0,0.0,0.0,0.0,,
187,506,3,361,2,1,2022-09-15,2022-04-06,2022-09-15,1889.6,0.0,0.0,0.0,0.0,0.0,0.0,,
188,507,3,351,2,1,2022-09-15,2022-09-16,2022-09-15,23678.56,0.0,0.0,0.0,0.0,0.0,0.0,,
189,508,3,362,2,1,2022-09-15,2022-04-18,2022-09-15,5000.0,0.0,0.0,0.0,0.0,0.0,0.0,,
190,509,3,363,2,1,2022-09-15,2022-04-18,2022-09-15,12000.0,0.0,0.0,0.0,0.0,0.0,0.0,,
191,510,3,364,2,1,2022-09-15,2022-04-20,2022-09-15,5000.0,0.0,0.0,0.0,0.0,0.0,0.0,,
192,511,3,365,2,1,2022-09-15,2022-04-22,2022-09-15,5000.0,0.0,0.0,0.0,0.0,0.0,0.0,,
193,513,3,357,2,1,2022-09-16,2022-04-27,2022-09-16,2540.0,0.0,0.0,0.0,0.0,0.0,0.0,,
194,514,3,366,2,1,2022-09-16,2022-04-22,2022-09-16,12000.0,0.0,0.0,0.0,0.0,0.0,0.0,,
195,516,3,367,2,1,2022-09-16,2022-04-13,2022-09-16,474.04,0.0,0.0,0.0,0.0,0.0,0.0,,
196,517,3,368,2,1,2022-09-16,2022-09-22,2022-09-16,814.62,0.0,0.0,0.0,0.0,0.0,0.0,,
197,519,3,369,2,1,2022-09-16,2022-09-23,2022-09-16,4851.0,0.0,0.0,0.0,0.0,0.0,0.0,,
198,520,3,93,2,1,2022-09-16,2022-09-26,2022-09-16,16170.0,0.0,0.0,0.0,0.0,0.0,0.0,,
199,521,3,370,2,1,2022-09-16,2022-09-23,2022-09-16,117379.5,0.0,0.0,0.0,0.0,0.0,0.0,,
200,527,3,373,2,1,2022-09-22,2022-09-22,2022-09-22,3000.0,0.0,0.0,0.0,0.0,0.0,0.0,,
201,528,3,332,2,1,2022-09-23,2022-09-30,2022-09-23,44324.4,0.0,0.0,0.0,0.0,0.0,0.0,,
202,532,3,374,2,1,2022-09-23,2022-09-28,2022-09-23,19483.26,0.0,0.0,0.0,0.0,0.0,0.0,,
203,533,1,72,2,1,2022-09-23,2022-09-28,2022-09-23,60110.0,0.0,0.0,0.0,0.0,0.0,0.0,,
204,534,3,208,2,1,2022-09-24,2022-09-28,2022-09-24,2077.09,0.0,0.0,0.0,0.0,0.0,0.0,,
205,535,1,376,2,1,2022-09-24,2022-04-01,2022-09-24,547.51,0.0,0.0,0.0,0.0,0.0,0.0,,
206,536,1,377,2,1,2022-09-24,2022-04-01,2022-09-24,2536.78,0.0,0.0,0.0,0.0,0.0,0.0,,
207,537,1,378,2,1,2022-09-24,2022-04-05,2022-09-24,9614.16,0.0,0.0,0.0,0.0,0.0,0.0,,
208,538,1,379,2,1,2022-09-24,2022-04-06,2022-09-24,7022.6,0.0,0.0,0.0,0.0,0.0,0.0,,
209,539,1,380,2,1,2022-09-24,2022-03-14,2022-09-24,5177.49,0.0,0.0,0.0,0.0,0.0,0.0,,
210,540,1,380,2,2,2022-09-24,2022-04-13,2022-09-24,5177.5,0.0,0.0,0.0,0.0,0.0,0.0,,
211,541,1,381,2,1,2022-09-26,2022-04-20,2022-09-26,168.0,0.0,0.0,0.0,0.0,0.0,0.0,,
212,542,1,382,2,1,2022-09-26,2022-04-22,2022-09-26,366.92,0.0,0.0,0.0,0.0,0.0,0.0,,
213,543,1,383,2,1,2022-09-26,2022-04-22,2022-09-26,420.15,0.0,0.0,0.0,0.0,0.0,0.0,,
214,551,3,336,2,1,2022-09-28,2022-09-30,2022-09-28,15012.86,0.0,0.0,0.0,0.0,0.0,0.0,,
215,554,3,261,2,1,2022-09-29,2022-09-30,2022-09-29,6947.21,0.0,0.0,0.0,0.0,0.0,0.0,,
216,555,1,385,2,1,2022-09-29,2022-04-22,2022-09-29,8151.94,0.0,0.0,0.0,0.0,0.0,0.0,,
217,556,1,386,2,1,2022-09-29,2022-04-25,2022-09-29,15384.01,0.0,0.0,0.0,0.0,0.0,0.0,,
218,557,1,387,2,1,2022-09-29,2022-04-25,2022-09-29,7849.01,0.0,0.0,0.0,0.0,0.0,0.0,,
219,558,3,388,2,1,2022-09-29,2022-10-06,2022-09-29,5232.33,0.0,0.0,0.0,0.0,0.0,0.0,,
220,559,1,389,2,1,2022-09-29,2022-04-25,2022-09-29,7265.97,0.0,0.0,0.0,0.0,0.0,0.0,,
221,560,1,390,2,1,2022-09-29,2022-04-25,2022-09-29,23273.91,0.0,0.0,0.0,0.0,0.0,0.0,,
222,561,1,391,2,1,2022-09-29,2022-04-29,2022-09-29,907.32,0.0,0.0,0.0,0.0,0.0,0.0,,
223,562,1,392,2,1,2022-09-29,2022-04-29,2022-09-29,779.49,0.0,0.0,0.0,0.0,0.0,0.0,,
224,566,3,246,2,1,2022-09-30,2022-09-30,2022-09-30,18378.9,0.0,0.0,0.0,0.0,0.0,0.0,,
225,598,3,394,2,1,2022-10-05,2022-10-12,2022-10-05,11034.45,0.0,0.0,0.0,0.0,0.0,0.0,,
226,600,3,348,2,1,2022-10-06,2022-10-13,2022-10-06,6081.0,0.0,0.0,0.0,0.0,0.0,0.0,,
227,601,3,396,2,1,2022-10-07,2022-10-07,2022-10-07,1576.67,0.0,0.0,0.0,0.0,0.0,0.0,,
228,602,3,397,2,1,2022-10-07,2022-10-07,2022-10-07,846.98,0.0,0.0,0.0,0.0,0.0,0.0,,
229,610,3,404,2,1,2022-10-11,2022-03-08,2022-10-11,39.0,0.0,0.0,0.0,0.0,0.0,0.0,,
230,611,3,405,2,1,2022-10-11,2022-03-16,2022-10-11,3247.43,0.0,0.0,0.0,0.0,0.0,0.0,,
231,612,3,406,2,1,2022-10-11,2022-03-23,2022-10-11,6000.0,0.0,0.0,0.0,0.0,0.0,0.0,,
232,613,3,407,2,1,2022-10-11,2022-03-25,2022-10-11,8207.0,0.0,0.0,0.0,0.0,0.0,0.0,,
233,614,3,408,2,1,2022-10-11,2022-03-30,2022-10-11,240.0,0.0,0.0,0.0,0.0,0.0,0.0,,
234,616,1,410,2,1,2022-10-13,2022-03-02,2022-10-13,11773.48,0.0,0.0,0.0,0.0,0.0,0.0,,
235,617,3,398,2,1,2022-10-13,2022-10-27,2022-10-13,690.52,0.0,0.0,0.0,0.0,0.0,0.0,,
236,618,3,241,2,1,2022-10-13,2022-10-21,2022-10-13,71990.04,0.0,0.0,0.0,0.0,0.0,0.0,,
237,619,3,411,2,1,2022-10-13,2022-10-11,2022-10-13,1000.0,0.0,0.0,0.0,0.0,0.0,0.0,,
238,620,1,412,2,1,2022-10-14,2022-03-10,2022-10-14,10527.42,0.0,0.0,0.0,0.0,0.0,0.0,,
239,621,1,413,2,1,2022-10-14,2022-03-10,2022-10-14,7424.35,0.0,0.0,0.0,0.0,0.0,0.0,,
240,622,1,414,2,1,2022-10-14,2022-03-10,2022-10-14,312.0,0.0,0.0,0.0,0.0,0.0,0.0,,
241,623,1,415,2,1,2022-10-14,2022-03-15,2022-10-14,7220.04,0.0,0.0,0.0,0.0,0.0,0.0,,
242,624,1,416,2,1,2022-10-14,2022-03-23,2022-10-14,2127.48,0.0,0.0,0.0,0.0,0.0,0.0,,
243,625,1,417,2,1,2022-10-14,2022-03-25,2022-10-14,7849.01,0.0,0.0,0.0,0.0,0.0,0.0,,
244,626,1,418,2,1,2022-10-14,2022-03-28,2022-10-14,3000.0,0.0,0.0,0.0,0.0,0.0,0.0,,
245,627,1,419,2,1,2022-10-14,2022-03-29,2022-10-14,2481.7,0.0,0.0,0.0,0.0,0.0,0.0,,
246,628,1,420,2,1,2022-10-14,2022-03-30,2022-10-14,1360.25,0.0,0.0,0.0,0.0,0.0,0.0,,
247,629,1,421,2,1,2022-10-14,2022-03-31,2022-10-14,5538.0,0.0,0.0,0.0,0.0,0.0,0.0,,
248,630,1,422,2,1,2022-10-14,2022-03-31,2022-10-14,1081.79,0.0,0.0,0.0,0.0,0.0,0.0,,
249,631,1,423,2,1,2022-10-14,2022-03-31,2022-10-14,30000.0,0.0,0.0,0.0,0.0,0.0,0.0,,
250,636,3,244,2,1,2022-10-17,2022-10-28,2022-10-17,14653.67,0.0,0.0,0.0,0.0,0.0,0.0,,
251,637,3,245,2,1,2022-10-17,2022-10-21,2022-10-17,18458.31,0.0,0.0,0.0,0.0,0.0,0.0,,
252,638,4,425,2,1,2022-10-17,2022-03-10,2022-10-17,1200.0,0.0,0.0,0.0,0.0,0.0,0.0,,
253,639,4,425,2,2,2022-10-17,2022-04-09,2022-10-17,1200.0,0.0,0.0,0.0,0.0,0.0,0.0,,
254,640,4,425,2,3,2022-10-17,2022-05-09,2022-10-17,1200.0,0.0,0.0,0.0,0.0,0.0,0.0,,
255,641,4,425,2,4,2022-10-17,2022-06-08,2022-10-17,1200.0,0.0,0.0,0.0,0.0,0.0,0.0,,
256,642,4,425,2,5,2022-10-17,2022-07-08,2022-10-17,1200.0,0.0,0.0,0.0,0.0,0.0,0.0,,
257,643,4,425,2,6,2022-10-17,2022-08-07,2022-10-17,1200.0,0.0,0.0,0.0,0.0,0.0,0.0,,
258,644,4,425,2,7,2022-10-17,2022-09-06,2022-10-17,1200.0,0.0,0.0,0.0,0.0,0.0,0.0,,
259,645,4,425,2,8,2022-10-17,2022-10-06,2022-10-17,1200.0,0.0,0.0,0.0,0.0,0.0,0.0,,
260,646,4,425,2,9,2022-10-17,2022-11-05,2022-10-17,1200.0,0.0,0.0,0.0,0.0,0.0,0.0,,
261,647,4,425,2,10,2022-10-17,2022-12-05,2022-10-17,707.5,0.0,0.0,0.0,0.0,0.0,0.0,,
262,648,3,426,2,1,2022-10-18,2022-01-10,2022-10-18,52.0,0.0,0.0,0.0,0.0,0.0,0.0,,
263,649,3,427,2,1,2022-10-18,2022-01-21,2022-10-18,58459.77,0.0,0.0,0.0,0.0,0.0,0.0,,
264,650,3,428,2,1,2022-10-18,2022-02-11,2022-10-18,20271.6,0.0,0.0,0.0,0.0,0.0,0.0,,
265,651,1,429,2,1,2022-10-18,2022-01-24,2022-10-18,11773.48,0.0,0.0,0.0,0.0,0.0,0.0,,
266,653,1,430,2,1,2022-10-18,2021-12-31,2022-10-18,5654.42,0.0,0.0,0.0,0.0,0.0,0.0,,
267,657,3,305,2,1,2022-10-18,2021-12-31,2022-10-18,100.0,0.0,0.0,0.0,0.0,0.0,0.0,,
268,658,3,403,2,1,2022-10-20,2022-10-27,2022-10-20,1355.09,0.0,0.0,0.0,0.0,0.0,0.0,,
269,659,3,340,2,1,2022-10-20,2022-10-27,2022-10-20,12524.22,0.0,0.0,0.0,0.0,0.0,0.0,,
270,660,3,341,2,1,2022-10-20,2022-09-09,2022-10-20,8235.46,0.0,0.0,0.0,0.0,0.0,0.0,,
271,661,3,402,2,1,2022-10-20,2022-11-18,2022-10-20,10765.77,0.0,0.0,0.0,0.0,0.0,0.0,,
272,662,3,402,1,2,2022-10-20,2023-01-20,2022-10-20,10765.76,0.0,0.0,0.0,0.0,0.0,0.0,,
273,664,3,247,2,1,2022-10-20,2022-11-25,2022-10-20,54609.47,0.0,0.0,0.0,0.0,0.0,0.0,,
274,668,3,400,2,1,2022-10-20,2022-10-27,2022-10-20,472.0,0.0,0.0,0.0,0.0,0.0,0.0,,
275,670,3,432,2,1,2022-10-20,2022-10-14,2022-10-20,1200.0,0.0,0.0,0.0,0.0,0.0,0.0,,
276,672,3,92,2,1,2022-10-21,2022-06-30,2022-10-21,15765.75,0.0,0.0,0.0,0.0,0.0,0.0,,
277,676,3,83,2,1,2022-10-21,2022-11-05,2022-10-21,11940.75,0.0,0.0,0.0,0.0,0.0,0.0,,
278,677,3,83,2,2,2022-10-21,2022-11-25,2022-10-21,11940.75,0.0,0.0,0.0,0.0,0.0,0.0,,
279,678,3,83,2,3,2022-10-21,2022-12-27,2022-10-21,11940.75,0.0,0.0,0.0,0.0,0.0,0.0,,
280,696,3,436,2,1,2022-10-26,2022-02-25,2022-10-26,27580.52,0.0,0.0,0.0,0.0,0.0,0.0,,
281,711,3,431,2,1,2022-10-26,2022-10-28,2022-10-26,126420.0,0.0,0.0,0.0,0.0,0.0,0.0,,
282,728,3,233,1,1,2022-10-28,1899-12-30,2022-10-28,3924.55,0.0,0.0,0.0,0.0,0.0,0.0,,
283,733,3,442,2,1,2022-10-28,2022-11-18,2022-10-28,343.25,0.0,0.0,0.0,0.0,0.0,0.0,,
284,735,3,350,2,1,2022-10-28,2022-10-31,2022-10-28,2646.84,0.0,0.0,0.0,0.0,0.0,0.0,,
285,744,3,74,2,1,2022-11-01,2022-11-04,2022-11-01,39654.09,0.0,0.0,0.0,0.0,0.0,0.0,,
286,745,3,435,2,1,2022-11-01,2022-11-04,2022-11-01,6081.25,0.0,0.0,0.0,0.0,0.0,0.0,,
287,756,3,372,2,1,2022-11-04,2022-11-01,2022-11-04,9454.16,0.0,0.0,0.0,0.0,0.0,0.0,,
288,757,3,372,2,2,2022-11-04,2022-11-25,2022-11-04,9454.15,0.0,0.0,0.0,0.0,0.0,0.0,,
289,758,3,446,2,1,2022-11-08,2022-12-06,2022-11-08,9401.38,0.0,0.0,0.0,0.0,0.0,0.0,,
290,759,3,446,1,2,2022-11-08,2023-01-03,2022-11-08,9401.38,0.0,0.0,0.0,0.0,0.0,0.0,,
291,760,3,446,1,3,2022-11-08,2023-01-31,2022-11-08,9401.38,0.0,0.0,0.0,0.0,0.0,0.0,S,0970030031
292,761,3,446,1,4,2022-11-08,2023-02-28,2022-11-08,9401.38,0.0,0.0,0.0,0.0,0.0,0.0,,
293,762,3,409,2,1,2022-11-08,2022-12-06,2022-11-08,1316.47,0.0,0.0,0.0,0.0,0.0,0.0,,
294,763,3,409,1,2,2022-11-08,2023-01-03,2022-11-08,1316.47,0.0,0.0,0.0,0.0,0.0,0.0,,
295,764,3,439,2,1,2022-11-09,2022-11-23,2022-11-09,5847.99,0.0,0.0,0.0,0.0,0.0,0.0,,
296,765,3,443,2,1,2022-11-09,2022-12-06,2022-11-09,2845.69,0.0,0.0,0.0,0.0,0.0,0.0,,
297,766,3,443,1,2,2022-11-09,2023-01-03,2022-11-09,2845.69,0.0,0.0,0.0,0.0,0.0,0.0,,
298,767,3,443,1,3,2022-11-09,2023-01-31,2022-11-09,2845.68,0.0,0.0,0.0,0.0,0.0,0.0,,
299,771,3,438,2,1,2022-11-10,2022-11-30,2022-11-10,2980.19,0.0,0.0,0.0,0.0,0.0,0.0,,
300,772,3,395,2,1,2022-11-11,2022-10-31,2022-11-11,23937.49,0.0,0.0,0.0,0.0,0.0,0.0,,
301,773,3,450,2,1,2022-11-11,2022-11-11,2022-11-11,38.95,0.0,0.0,0.0,0.0,0.0,0.0,,
302,779,3,452,2,1,2022-11-14,2022-11-14,2022-11-14,20000.0,0.0,0.0,0.0,0.0,0.0,0.0,,
303,783,3,453,2,1,2022-11-17,2022-11-17,2022-11-17,32000.0,0.0,0.0,0.0,0.0,0.0,0.0,,
304,784,3,454,2,1,2022-11-21,2022-11-18,2022-11-21,13000.0,0.0,0.0,0.0,0.0,0.0,0.0,,
305,794,3,447,2,1,2022-11-21,2022-11-22,2022-11-21,9200.0,0.0,0.0,0.0,0.0,0.0,0.0,,
306,795,3,455,2,1,2022-11-22,2022-12-08,2022-11-22,2482.12,0.0,0.0,0.0,0.0,0.0,0.0,,
307,796,3,456,2,1,2022-11-22,2022-11-22,2022-11-22,10000.0,0.0,0.0,0.0,0.0,0.0,0.0,,
308,797,3,456,2,2,2022-11-22,2022-12-16,2022-11-22,2440.26,0.0,0.0,0.0,0.0,0.0,0.0,,
309,798,3,456,2,3,2022-11-22,2023-01-06,2022-11-22,2440.27,0.0,0.0,0.0,0.0,0.0,0.0,,
310,808,3,460,2,1,2022-11-24,2023-01-31,2022-11-24,9259.93,0.0,0.0,0.0,0.0,0.0,0.0,,
311,810,3,461,2,1,2022-11-24,2022-12-01,2022-11-24,6281.54,0.0,0.0,0.0,0.0,0.0,0.0,,
312,813,3,393,1,1,2022-11-24,2023-01-27,2022-11-24,9372.63,0.0,0.0,0.0,0.0,0.0,0.0,,
313,814,3,393,1,2,2022-11-24,2023-01-19,2022-11-24,9372.64,0.0,0.0,0.0,0.0,0.0,0.0,S,0970030021
314,817,3,440,1,1,2022-11-25,2023-01-27,2022-11-25,11150.9,0.0,0.0,0.0,0.0,0.0,0.0,,
315,818,3,440,1,2,2022-11-25,2023-01-16,2022-11-25,11150.9,0.0,0.0,0.0,0.0,0.0,0.0,,
316,819,3,440,1,3,2022-11-25,2023-02-13,2022-11-25,11150.9,0.0,0.0,0.0,0.0,0.0,0.0,,
317,820,3,463,2,1,2022-11-25,2022-12-25,2022-11-25,2021.08,0.0,0.0,0.0,0.0,0.0,0.0,,
318,823,8,467,2,1,2022-11-25,2022-11-23,2022-11-25,1021.0,0.0,0.0,0.0,0.0,0.0,0.0,,
319,830,3,462,2,1,2022-11-30,2022-12-28,2022-11-30,4132.88,0.0,0.0,0.0,0.0,0.0,0.0,,
320,831,3,470,2,1,2022-11-30,2022-12-28,2022-11-30,566.84,0.0,0.0,0.0,0.0,0.0,0.0,,
321,837,3,472,2,1,2022-12-01,2022-12-16,2022-12-01,1303.22,0.0,0.0,0.0,0.0,0.0,0.0,,
322,838,3,471,2,1,2022-12-01,2022-12-16,2022-12-01,1350.2,0.0,0.0,0.0,0.0,0.0,0.0,,
323,839,3,474,2,1,2022-12-01,2022-12-16,2022-12-01,3234.64,0.0,0.0,0.0,0.0,0.0,0.0,,
324,840,3,449,2,1,2022-12-01,2022-12-16,2022-12-01,1372.63,0.0,0.0,0.0,0.0,0.0,0.0,,
325,841,3,475,2,1,2022-12-01,2022-12-16,2022-12-01,1526.38,0.0,0.0,0.0,0.0,0.0,0.0,,
326,843,3,451,2,1,2022-12-02,2022-12-16,2022-12-02,5206.95,0.0,0.0,0.0,0.0,0.0,0.0,,
327,845,3,437,2,1,2022-12-02,2022-12-02,2022-12-02,126420.0,0.0,0.0,0.0,0.0,0.0,0.0,,
328,846,3,401,2,1,2022-12-06,2022-12-09,2022-12-06,67100.35,0.0,0.0,0.0,0.0,0.0,0.0,,
329,847,8,476,2,1,2022-12-06,2022-12-06,2022-12-06,130000.0,0.0,0.0,0.0,0.0,0.0,0.0,,
330,848,3,477,2,1,2022-12-07,2022-12-15,2022-12-07,9399.88,0.0,0.0,0.0,0.0,0.0,0.0,,
331,853,3,469,2,1,2022-12-07,2022-12-12,2022-12-07,9628.19,0.0,0.0,0.0,0.0,0.0,0.0,,
332,854,4,478,2,1,2022-12-08,2022-12-07,2022-12-08,453.86,0.0,0.0,0.0,0.0,0.0,0.0,,
333,856,3,480,1,1,2022-12-13,2023-01-11,2022-12-13,2684.92,0.0,0.0,0.0,0.0,0.0,0.0,,
334,857,3,480,1,2,2022-12-13,2023-02-09,2022-12-13,2684.92,0.0,0.0,0.0,0.0,0.0,0.0,,
335,858,3,480,1,3,2022-12-13,2023-03-07,2022-12-13,2684.92,0.0,0.0,0.0,0.0,0.0,0.0,,
336,859,3,481,2,1,2022-12-13,2022-12-08,2022-12-13,39.01,0.0,0.0,0.0,0.0,0.0,0.0,,
337,860,3,482,2,1,2022-12-14,2023-01-11,2022-12-14,2787.29,0.0,0.0,0.0,0.0,0.0,0.0,,
338,869,3,479,2,1,2022-12-19,2023-01-12,2022-12-19,500.75,0.0,0.0,0.0,0.0,0.0,0.0,,
339,892,3,252,1,1,2022-12-20,2023-04-30,2022-12-20,20486.13,0.0,0.0,0.0,0.0,0.0,0.0,,
340,894,3,253,1,1,2022-12-20,2023-05-31,2022-12-20,9448.48,0.0,0.0,0.0,0.0,0.0,0.0,,
341,907,3,335,1,1,2022-12-20,2023-02-28,2022-12-20,11496.63,0.0,0.0,0.0,0.0,0.0,0.0,,
342,912,3,448,1,1,2022-12-20,2023-02-28,2022-12-20,9200.0,0.0,0.0,0.0,0.0,0.0,0.0,,
343,913,3,424,1,1,2022-12-20,2023-02-28,2022-12-20,15365.0,0.0,0.0,0.0,0.0,0.0,0.0,,
344,918,3,487,2,1,2022-12-20,2022-12-20,2022-12-20,4000.0,0.0,0.0,0.0,0.0,0.0,0.0,,
345,919,3,466,2,1,2022-12-21,2023-01-18,2022-12-21,5352.75,0.0,0.0,0.0,0.0,0.0,0.0,,
346,920,3,488,2,1,2022-12-21,2023-01-18,2022-12-21,667.8,0.0,0.0,0.0,0.0,0.0,0.0,,
347,925,3,485,2,1,2022-12-23,2023-01-20,2022-12-23,3908.93,0.0,0.0,0.0,0.0,0.0,0.0,,
348,926,3,484,1,1,2022-12-23,2023-01-21,2022-12-23,5015.38,0.0,0.0,0.0,0.0,0.0,0.0,,
349,927,3,484,1,2,2022-12-23,2023-02-18,2022-12-23,5015.38,0.0,0.0,0.0,0.0,0.0,0.0,,
350,949,3,434,2,1,2022-12-28,2022-11-05,2022-12-28,1531.71,0.0,0.0,0.0,0.0,0.0,0.0,,
351,950,3,434,2,2,2022-12-28,2022-11-25,2022-12-28,1531.71,0.0,0.0,0.0,0.0,0.0,0.0,,
352,951,3,434,2,3,2022-12-28,2022-12-15,2022-12-28,1531.71,0.0,0.0,0.0,0.0,0.0,0.0,,
353,952,3,433,2,1,2022-12-28,2022-11-05,2022-12-28,6999.75,0.0,0.0,0.0,0.0,0.0,0.0,,
354,953,3,433,2,2,2022-12-28,2022-11-25,2022-12-28,6999.75,0.0,0.0,0.0,0.0,0.0,0.0,,
355,954,3,433,2,3,2022-12-28,2022-12-15,2022-12-28,6999.75,0.0,0.0,0.0,0.0,0.0,0.0,,
356,955,3,489,2,1,2022-12-29,2023-01-31,2022-12-29,376.45,0.0,0.0,0.0,0.0,0.0,0.0,,
357,968,3,114,2,1,2023-01-04,2023-01-31,2023-01-04,2609.2,0.0,0.0,0.0,0.0,0.0,0.0,,
358,969,3,473,2,1,2023-01-05,2023-01-04,2023-01-05,647.28,0.0,0.0,0.0,0.0,0.0,0.0,,
359,972,3,459,2,1,2023-01-05,2023-01-11,2023-01-05,111583.73,0.0,0.0,0.0,0.0,0.0,0.0,,
360,984,3,498,2,1,2023-01-11,2023-01-31,2023-01-11,235.8,0.0,0.0,0.0,0.0,0.0,0.0,,
361,985,3,499,2,1,2023-01-11,2023-01-11,2023-01-11,19.15,0.0,0.0,0.0,0.0,0.0,0.0,,
362,988,3,500,2,1,2023-01-12,2023-01-11,2023-01-12,39.0,0.0,0.0,0.0,0.0,0.0,0.0,,
363,990,3,116,2,1,2023-01-13,2023-01-17,2023-01-13,7000.0,0.0,0.0,0.0,0.0,0.0,0.0,,
364,994,3,501,2,1,2023-01-13,2023-01-17,2023-01-13,180.0,0.0,0.0,0.0,0.0,0.0,0.0,,
365,997,3,483,1,1,2023-01-13,2023-02-10,2023-01-13,1198.03,0.0,0.0,0.0,0.0,0.0,0.0,,
366,998,3,483,1,2,2023-01-13,2023-03-10,2023-01-13,1198.03,0.0,0.0,0.0,0.0,0.0,0.0,,
367,1000,3,465,2,1,2023-01-17,2023-01-13,2023-01-17,1773.45,0.0,0.0,0.0,0.0,0.0,0.0,,
368,1001,3,465,2,2,2023-01-17,2023-01-17,2023-01-17,1073.0,0.0,0.0,0.0,0.0,0.0,0.0,,
369,1002,3,465,2,3,2023-01-17,2023-01-23,2023-01-17,1653.55,0.0,0.0,0.0,0.0,0.0,0.0,,
370,1005,3,503,1,1,2023-01-18,2023-02-15,2023-01-18,3551.64,0.0,0.0,0.0,0.0,0.0,0.0,,
371,1006,3,503,1,2,2023-01-18,2023-03-17,2023-01-18,3551.63,0.0,0.0,0.0,0.0,0.0,0.0,,
372,1008,3,468,2,1,2023-01-19,2023-01-27,2023-01-19,46550.0,0.0,0.0,0.0,0.0,0.0,0.0,,
373,1009,3,504,2,1,2022-04-12,2022-04-12,2022-04-12,1878.08,0.0,0.0,0.0,0.0,0.0,0.0,S,0460030011
374,1010,3,375,1,1,2023-01-23,2023-02-28,2023-01-23,21749.15,0.0,0.0,0.0,0.0,0.0,0.0,,
375,1029,3,507,1,1,2023-01-23,2023-03-31,2023-01-23,6400.65,0.0,0.0,0.0,0.0,0.0,0.0,,
376,1032,3,510,2,1,2023-01-25,2023-02-08,2023-01-25,764.73,0.0,0.0,0.0,0.0,0.0,0.0,,
377,1033,3,490,1,1,2023-01-25,2023-03-03,2023-01-25,167325.0,0.0,0.0,0.0,0.0,0.0,0.0,,
378,1034,3,511,2,1,2023-01-25,2023-02-03,2023-01-25,158958.75,0.0,0.0,0.0,0.0,0.0,0.0,,
379,1043,3,334,1,1,2023-01-25,2023-03-31,2023-01-25,11496.63,0.0,0.0,0.0,0.0,0.0,0.0,,
380,1044,3,88,1,1,2023-01-25,2023-03-31,2023-01-25,7385.1,0.0,0.0,0.0,0.0,0.0,0.0,,
381,1045,3,87,1,1,2023-01-25,2023-02-16,2023-01-25,66465.9,0.0,0.0,0.0,0.0,0.0,0.0,,
382,1046,3,269,1,1,2023-01-25,2023-06-30,2023-01-25,9520.0,0.0,0.0,0.0,0.0,0.0,0.0,,
383,1047,3,232,1,1,2023-01-25,2023-04-30,2023-01-25,3924.54,0.0,0.0,0.0,0.0,0.0,0.0,,
384,1048,3,441,1,1,2023-01-25,2023-06-30,2023-01-25,3924.51,0.0,0.0,0.0,0.0,0.0,0.0,,
385,1049,3,62,1,1,2023-01-25,2023-04-30,2023-01-25,14077.5,0.0,0.0,0.0,0.0,0.0,0.0,,
386,1050,3,242,1,1,2023-01-25,2023-03-31,2023-01-25,7000.0,0.0,0.0,0.0,0.0,0.0,0.0,,
387,1051,3,492,1,1,2023-01-25,2023-02-24,2023-01-25,63000.0,0.0,0.0,0.0,0.0,0.0,0.0,,
388,1052,3,464,1,1,2023-01-25,2023-03-31,2023-01-25,4153.5,0.0,0.0,0.0,0.0,0.0,0.0,,
389,1055,19,509,2,1,2023-01-26,2022-12-31,2023-01-26,3030.83,0.0,0.0,0.0,0.0,0.0,0.0,,
390,1056,18,508,2,1,2023-01-26,2022-12-31,2023-01-26,5231.08,0.0,0.0,0.0,0.0,0.0,0.0,,
391,1057,18,518,2,1,2023-01-26,2023-01-17,2023-01-26,256.57,0.0,0.0,0.0,0.0,0.0,0.0,,
392,1059,3,520,1,1,2023-01-26,2023-03-31,2023-01-26,18084.6,0.0,0.0,0.0,0.0,0.0,0.0,,
393,1061,3,457,1,1,2023-01-26,2023-03-31,2023-01-26,18050.23,0.0,0.0,0.0,0.0,0.0,0.0,,
394,1063,3,512,1,1,2023-01-26,2023-02-22,2023-01-26,76774.42,0.0,0.0,0.0,0.0,0.0,0.0,,
395,1064,3,505,2,1,2023-01-26,2023-01-26,2023-01-26,92129.3,0.0,0.0,0.0,0.0,0.0,0.0,,
396,1065,3,513,1,1,2023-01-26,2023-03-22,2023-01-26,76774.42,0.0,0.0,0.0,0.0,0.0,0.0,,
397,1066,3,514,1,1,2023-01-26,2023-04-19,2023-01-26,61419.54,0.0,0.0,0.0,0.0,0.0,0.0,,
398,1067,3,515,1,1,2023-01-26,2023-02-22,2023-01-26,72313.88,0.0,0.0,0.0,0.0,0.0,0.0,,
399,1068,3,516,1,1,2023-01-26,2023-03-22,2023-01-26,72313.88,0.0,0.0,0.0,0.0,0.0,0.0,,
400,1069,3,517,1,1,2023-01-26,2023-04-19,2023-01-26,57851.11,0.0,0.0,0.0,0.0,0.0,0.0,,
401,1070,3,234,1,1,2023-01-27,2023-05-31,2023-01-27,3924.55,0.0,0.0,0.0,0.0,0.0,0.0,,
402,1071,3,60,1,1,2023-01-27,2023-03-31,2023-01-27,3924.54,0.0,0.0,0.0,0.0,0.0,0.0,,
403,1072,3,522,2,1,2023-01-27,2023-02-03,2023-01-27,9782.15,0.0,0.0,0.0,0.0,0.0,0.0,,
404,1077,3,506,2,1,2023-01-30,2023-01-26,2023-01-30,86776.66,0.0,0.0,0.0,0.0,0.0,0.0,,
405,1078,3,519,2,1,2023-02-01,2023-02-02,2023-02-01,11400.0,0.0,0.0,0.0,0.0,0.0,0.0,,
406,1079,3,521,2,1,2023-02-01,2023-02-02,2023-02-01,15200.0,0.0,0.0,0.0,0.0,0.0,0.0,,
407,1080,3,458,2,1,2023-02-01,2023-02-02,2023-02-01,7362.5,0.0,0.0,0.0,0.0,0.0,0.0,,
408,1081,3,486,2,1,2023-02-01,2023-02-02,2023-02-01,24699.99,0.0,0.0,0.0,0.0,0.0,0.0,,
409,1082,3,75,1,1,2023-02-03,2023-03-31,2023-02-03,17347.63,0.0,0.0,0.0,0.0,0.0,0.0,,
410,1083,3,445,1,1,2023-02-03,2023-02-17,2023-02-03,10000.0,0.0,0.0,0.0,0.0,0.0,0.0,,
411,1084,3,65,1,1,2023-02-03,2023-02-28,2023-02-03,12564.64,0.0,0.0,0.0,0.0,0.0,0.0,,
412,1086,3,524,1,1,2023-02-03,2023-03-30,2023-02-03,27168.53,0.0,0.0,0.0,0.0,0.0,0.0,,
413,1087,3,525,1,1,2023-02-03,2023-04-30,2023-02-03,27168.53,0.0,0.0,0.0,0.0,0.0,0.0,,
414,1088,3,526,1,1,2023-02-03,2023-05-30,2023-02-03,21734.84,0.0,0.0,0.0,0.0,0.0,0.0,,
415,1089,3,523,2,1,2023-02-03,2023-02-10,2023-02-03,32602.85,0.0,0.0,0.0,0.0,0.0,0.0,,
416,1090,3,248,1,1,2023-02-07,2023-03-20,2023-02-07,13565.66,0.0,0.0,0.0,0.0,0.0,0.0,,
417,1091,3,527,2,1,2023-02-07,2023-02-07,2023-02-07,12723.91,0.0,0.0,0.0,0.0,0.0,0.0,,
418,1092,3,496,1,1,2023-02-07,2023-02-22,2023-02-07,11934.99,0.0,0.0,0.0,0.0,0.0,0.0,,
419,1093,3,528,1,1,2023-02-07,2023-04-10,2023-02-07,14657.0,0.0,0.0,0.0,0.0,0.0,0.0,,
420,1094,3,529,1,1,2023-02-07,2023-05-10,2023-02-07,14657.0,0.0,0.0,0.0,0.0,0.0,0.0,,
421,1095,3,240,1,1,2023-02-08,2023-02-28,2023-02-08,3593.25,0.0,0.0,0.0,0.0,0.0,0.0,,
422,1096,3,264,1,1,2023-02-08,2023-02-28,2023-02-08,528.0,0.0,0.0,0.0,0.0,0.0,0.0,,
423,1097,3,45,1,1,2023-02-10,2023-04-30,2023-02-10,30456.82,0.0,0.0,0.0,0.0,0.0,0.0,,
424,1098,3,80,1,1,2023-02-10,2023-04-30,2023-02-10,31276.16,0.0,0.0,0.0,0.0,0.0,0.0,,
425,1099,3,255,1,1,2023-02-10,2023-04-30,2023-02-10,29347.04,0.0,0.0,0.0,0.0,0.0,0.0,,
426,1100,3,256,1,1,2023-02-10,2023-04-30,2023-02-10,10727.7,0.0,0.0,0.0,0.0,0.0,0.0,,
427,1101,3,530,1,1,2023-02-13,2023-02-27,2023-02-13,1235.0,0.0,0.0,0.0,0.0,0.0,0.0,,
428,1102,3,531,1,1,2023-02-13,2023-02-24,2023-02-13,9482.08,0.0,0.0,0.0,0.0,0.0,0.0,,
429,1103,3,532,1,1,2023-02-14,2023-03-24,2023-02-14,144213.13,0.0,0.0,0.0,0.0,0.0,0.0,,
430,1104,3,533,1,1,2023-02-14,2023-04-21,2023-02-14,144213.13,0.0,0.0,0.0,0.0,0.0,0.0,,
